/home/vineet/Gender-Classification/gender_classifier/data/proj/new_boys/69.jpg;0
/home/vineet/Gender-Classification/gender_classifier/data/proj/new_boys/361.jpg;0
/home/vineet/Gender-Classification/gender_classifier/data/proj/new_boys/487.jpg;0
/home/vineet/Gender-Classification/gender_classifier/data/proj/new_boys/95.jpg;0
/home/vineet/Gender-Classification/gender_classifier/data/proj/new_boys/119.jpg;0
/home/vineet/Gender-Classification/gender_classifier/data/proj/new_boys/90.jpg;0
/home/vineet/Gender-Classification/gender_classifier/data/proj/new_boys/429.jpg;0
/home/vineet/Gender-Classification/gender_classifier/data/proj/new_boys/665.jpg;0
/home/vineet/Gender-Classification/gender_classifier/data/proj/new_boys/633.jpg;0
/home/vineet/Gender-Classification/gender_classifier/data/proj/new_boys/585.jpg;0
/home/vineet/Gender-Classification/gender_classifier/data/proj/new_boys/233.jpg;0
/home/vineet/Gender-Classification/gender_classifier/data/proj/new_boys/478.jpg;0
/home/vineet/Gender-Classification/gender_classifier/data/proj/new_boys/143.jpg;0
/home/vineet/Gender-Classification/gender_classifier/data/proj/new_boys/199.jpg;0
/home/vineet/Gender-Classification/gender_classifier/data/proj/new_boys/469.jpg;0
/home/vineet/Gender-Classification/gender_classifier/data/proj/new_boys/486.jpg;0
/home/vineet/Gender-Classification/gender_classifier/data/proj/new_boys/122.jpg;0
/home/vineet/Gender-Classification/gender_classifier/data/proj/new_boys/373.jpg;0
/home/vineet/Gender-Classification/gender_classifier/data/proj/new_boys/312.jpg;0
/home/vineet/Gender-Classification/gender_classifier/data/proj/new_boys/284.jpg;0
/home/vineet/Gender-Classification/gender_classifier/data/proj/new_boys/386.jpg;0
/home/vineet/Gender-Classification/gender_classifier/data/proj/new_boys/29.jpg;0
/home/vineet/Gender-Classification/gender_classifier/data/proj/new_boys/22.jpg;0
/home/vineet/Gender-Classification/gender_classifier/data/proj/new_boys/244.jpg;0
/home/vineet/Gender-Classification/gender_classifier/data/proj/new_boys/504.jpg;0
/home/vineet/Gender-Classification/gender_classifier/data/proj/new_boys/571.jpg;0
/home/vineet/Gender-Classification/gender_classifier/data/proj/new_boys/4.jpg;0
/home/vineet/Gender-Classification/gender_classifier/data/proj/new_boys/576.jpg;0
/home/vineet/Gender-Classification/gender_classifier/data/proj/new_boys/461.jpg;0
/home/vineet/Gender-Classification/gender_classifier/data/proj/new_boys/202.jpg;0
/home/vineet/Gender-Classification/gender_classifier/data/proj/new_boys/48.jpg;0
/home/vineet/Gender-Classification/gender_classifier/data/proj/new_boys/24.jpg;0
/home/vineet/Gender-Classification/gender_classifier/data/proj/new_boys/283.jpg;0
/home/vineet/Gender-Classification/gender_classifier/data/proj/new_boys/450.jpg;0
/home/vineet/Gender-Classification/gender_classifier/data/proj/new_boys/23.jpg;0
/home/vineet/Gender-Classification/gender_classifier/data/proj/new_boys/160.jpg;0
/home/vineet/Gender-Classification/gender_classifier/data/proj/new_boys/32.jpg;0
/home/vineet/Gender-Classification/gender_classifier/data/proj/new_boys/158.jpg;0
/home/vineet/Gender-Classification/gender_classifier/data/proj/new_boys/243.jpg;0
/home/vineet/Gender-Classification/gender_classifier/data/proj/new_boys/657.jpg;0
/home/vineet/Gender-Classification/gender_classifier/data/proj/new_boys/156.jpg;0
/home/vineet/Gender-Classification/gender_classifier/data/proj/new_boys/590.jpg;0
/home/vineet/Gender-Classification/gender_classifier/data/proj/new_boys/241.jpg;0
/home/vineet/Gender-Classification/gender_classifier/data/proj/new_boys/148.jpg;0
/home/vineet/Gender-Classification/gender_classifier/data/proj/new_boys/220.jpg;0
/home/vineet/Gender-Classification/gender_classifier/data/proj/new_boys/385.jpg;0
/home/vineet/Gender-Classification/gender_classifier/data/proj/new_boys/475.jpg;0
/home/vineet/Gender-Classification/gender_classifier/data/proj/new_boys/474.jpg;0
/home/vineet/Gender-Classification/gender_classifier/data/proj/new_boys/332.jpg;0
/home/vineet/Gender-Classification/gender_classifier/data/proj/new_boys/124.jpg;0
/home/vineet/Gender-Classification/gender_classifier/data/proj/new_boys/623.jpg;0
/home/vineet/Gender-Classification/gender_classifier/data/proj/new_boys/368.jpg;0
/home/vineet/Gender-Classification/gender_classifier/data/proj/new_boys/60.jpg;0
/home/vineet/Gender-Classification/gender_classifier/data/proj/new_boys/586.jpg;0
/home/vineet/Gender-Classification/gender_classifier/data/proj/new_boys/343.jpg;0
/home/vineet/Gender-Classification/gender_classifier/data/proj/new_boys/413.jpg;0
/home/vineet/Gender-Classification/gender_classifier/data/proj/new_boys/654.jpg;0
/home/vineet/Gender-Classification/gender_classifier/data/proj/new_boys/366.jpg;0
/home/vineet/Gender-Classification/gender_classifier/data/proj/new_boys/522.jpg;0
/home/vineet/Gender-Classification/gender_classifier/data/proj/new_boys/381.jpg;0
/home/vineet/Gender-Classification/gender_classifier/data/proj/new_boys/79.jpg;0
/home/vineet/Gender-Classification/gender_classifier/data/proj/new_boys/641.jpg;0
/home/vineet/Gender-Classification/gender_classifier/data/proj/new_boys/47.jpg;0
/home/vineet/Gender-Classification/gender_classifier/data/proj/new_boys/661.jpg;0
/home/vineet/Gender-Classification/gender_classifier/data/proj/new_boys/40.jpg;0
/home/vineet/Gender-Classification/gender_classifier/data/proj/new_boys/310.jpg;0
/home/vineet/Gender-Classification/gender_classifier/data/proj/new_boys/433.jpg;0
/home/vineet/Gender-Classification/gender_classifier/data/proj/new_boys/515.jpg;0
/home/vineet/Gender-Classification/gender_classifier/data/proj/new_boys/265.jpg;0
/home/vineet/Gender-Classification/gender_classifier/data/proj/new_boys/408.jpg;0
/home/vineet/Gender-Classification/gender_classifier/data/proj/new_boys/473.jpg;0
/home/vineet/Gender-Classification/gender_classifier/data/proj/new_boys/691.jpg;0
/home/vineet/Gender-Classification/gender_classifier/data/proj/new_boys/172.jpg;0
/home/vineet/Gender-Classification/gender_classifier/data/proj/new_boys/301.jpg;0
/home/vineet/Gender-Classification/gender_classifier/data/proj/new_boys/677.jpg;0
/home/vineet/Gender-Classification/gender_classifier/data/proj/new_boys/420.jpg;0
/home/vineet/Gender-Classification/gender_classifier/data/proj/new_boys/304.jpg;0
/home/vineet/Gender-Classification/gender_classifier/data/proj/new_boys/388.jpg;0
/home/vineet/Gender-Classification/gender_classifier/data/proj/new_boys/425.jpg;0
/home/vineet/Gender-Classification/gender_classifier/data/proj/new_boys/77.jpg;0
/home/vineet/Gender-Classification/gender_classifier/data/proj/new_boys/326.jpg;0
/home/vineet/Gender-Classification/gender_classifier/data/proj/new_boys/387.jpg;0
/home/vineet/Gender-Classification/gender_classifier/data/proj/new_boys/656.jpg;0
/home/vineet/Gender-Classification/gender_classifier/data/proj/new_boys/682.jpg;0
/home/vineet/Gender-Classification/gender_classifier/data/proj/new_boys/275.jpg;0
/home/vineet/Gender-Classification/gender_classifier/data/proj/new_boys/103.jpg;0
/home/vineet/Gender-Classification/gender_classifier/data/proj/new_boys/582.jpg;0
/home/vineet/Gender-Classification/gender_classifier/data/proj/new_boys/680.jpg;0
/home/vineet/Gender-Classification/gender_classifier/data/proj/new_boys/197.jpg;0
/home/vineet/Gender-Classification/gender_classifier/data/proj/new_boys/526.jpg;0
/home/vineet/Gender-Classification/gender_classifier/data/proj/new_boys/390.jpg;0
/home/vineet/Gender-Classification/gender_classifier/data/proj/new_boys/596.jpg;0
/home/vineet/Gender-Classification/gender_classifier/data/proj/new_boys/442.jpg;0
/home/vineet/Gender-Classification/gender_classifier/data/proj/new_boys/374.jpg;0
/home/vineet/Gender-Classification/gender_classifier/data/proj/new_boys/258.jpg;0
/home/vineet/Gender-Classification/gender_classifier/data/proj/new_boys/479.jpg;0
/home/vineet/Gender-Classification/gender_classifier/data/proj/new_boys/42.jpg;0
/home/vineet/Gender-Classification/gender_classifier/data/proj/new_boys/263.jpg;0
/home/vineet/Gender-Classification/gender_classifier/data/proj/new_boys/456.jpg;0
/home/vineet/Gender-Classification/gender_classifier/data/proj/new_boys/421.jpg;0
/home/vineet/Gender-Classification/gender_classifier/data/proj/new_boys/555.jpg;0
/home/vineet/Gender-Classification/gender_classifier/data/proj/new_boys/491.jpg;0
/home/vineet/Gender-Classification/gender_classifier/data/proj/new_boys/511.jpg;0
/home/vineet/Gender-Classification/gender_classifier/data/proj/new_boys/535.jpg;0
/home/vineet/Gender-Classification/gender_classifier/data/proj/new_boys/58.jpg;0
/home/vineet/Gender-Classification/gender_classifier/data/proj/new_boys/45.jpg;0
/home/vineet/Gender-Classification/gender_classifier/data/proj/new_boys/496.jpg;0
/home/vineet/Gender-Classification/gender_classifier/data/proj/new_boys/260.jpg;0
/home/vineet/Gender-Classification/gender_classifier/data/proj/new_boys/71.jpg;0
/home/vineet/Gender-Classification/gender_classifier/data/proj/new_boys/629.jpg;0
/home/vineet/Gender-Classification/gender_classifier/data/proj/new_boys/544.jpg;0
/home/vineet/Gender-Classification/gender_classifier/data/proj/new_boys/465.jpg;0
/home/vineet/Gender-Classification/gender_classifier/data/proj/new_boys/266.jpg;0
/home/vineet/Gender-Classification/gender_classifier/data/proj/new_boys/423.jpg;0
/home/vineet/Gender-Classification/gender_classifier/data/proj/new_boys/72.jpg;0
/home/vineet/Gender-Classification/gender_classifier/data/proj/new_boys/578.jpg;0
/home/vineet/Gender-Classification/gender_classifier/data/proj/new_boys/358.jpg;0
/home/vineet/Gender-Classification/gender_classifier/data/proj/new_boys/204.jpg;0
/home/vineet/Gender-Classification/gender_classifier/data/proj/new_boys/430.jpg;0
/home/vineet/Gender-Classification/gender_classifier/data/proj/new_boys/237.jpg;0
/home/vineet/Gender-Classification/gender_classifier/data/proj/new_boys/317.jpg;0
/home/vineet/Gender-Classification/gender_classifier/data/proj/new_boys/62.jpg;0
/home/vineet/Gender-Classification/gender_classifier/data/proj/new_boys/151.jpg;0
/home/vineet/Gender-Classification/gender_classifier/data/proj/new_boys/25.jpg;0
/home/vineet/Gender-Classification/gender_classifier/data/proj/new_boys/54.jpg;0
/home/vineet/Gender-Classification/gender_classifier/data/proj/new_boys/349.jpg;0
/home/vineet/Gender-Classification/gender_classifier/data/proj/new_boys/187.jpg;0
/home/vineet/Gender-Classification/gender_classifier/data/proj/new_boys/488.jpg;0
/home/vineet/Gender-Classification/gender_classifier/data/proj/new_boys/392.jpg;0
/home/vineet/Gender-Classification/gender_classifier/data/proj/new_boys/341.jpg;0
/home/vineet/Gender-Classification/gender_classifier/data/proj/new_boys/137.jpg;0
/home/vineet/Gender-Classification/gender_classifier/data/proj/new_boys/398.jpg;0
/home/vineet/Gender-Classification/gender_classifier/data/proj/new_boys/320.jpg;0
/home/vineet/Gender-Classification/gender_classifier/data/proj/new_boys/459.jpg;0
/home/vineet/Gender-Classification/gender_classifier/data/proj/new_boys/634.jpg;0
/home/vineet/Gender-Classification/gender_classifier/data/proj/new_boys/513.jpg;0
/home/vineet/Gender-Classification/gender_classifier/data/proj/new_boys/464.jpg;0
/home/vineet/Gender-Classification/gender_classifier/data/proj/new_boys/434.jpg;0
/home/vineet/Gender-Classification/gender_classifier/data/proj/new_boys/288.jpg;0
/home/vineet/Gender-Classification/gender_classifier/data/proj/new_boys/549.jpg;0
/home/vineet/Gender-Classification/gender_classifier/data/proj/new_boys/659.jpg;0
/home/vineet/Gender-Classification/gender_classifier/data/proj/new_boys/277.jpg;0
/home/vineet/Gender-Classification/gender_classifier/data/proj/new_boys/540.jpg;0
/home/vineet/Gender-Classification/gender_classifier/data/proj/new_boys/605.jpg;0
/home/vineet/Gender-Classification/gender_classifier/data/proj/new_boys/441.jpg;0
/home/vineet/Gender-Classification/gender_classifier/data/proj/new_boys/646.jpg;0
/home/vineet/Gender-Classification/gender_classifier/data/proj/new_boys/471.jpg;0
/home/vineet/Gender-Classification/gender_classifier/data/proj/new_boys/453.jpg;0
/home/vineet/Gender-Classification/gender_classifier/data/proj/new_boys/114.jpg;0
/home/vineet/Gender-Classification/gender_classifier/data/proj/new_boys/294.jpg;0
/home/vineet/Gender-Classification/gender_classifier/data/proj/new_boys/553.jpg;0
/home/vineet/Gender-Classification/gender_classifier/data/proj/new_boys/593.jpg;0
/home/vineet/Gender-Classification/gender_classifier/data/proj/new_boys/133.jpg;0
/home/vineet/Gender-Classification/gender_classifier/data/proj/new_boys/394.jpg;0
/home/vineet/Gender-Classification/gender_classifier/data/proj/new_boys/308.jpg;0
/home/vineet/Gender-Classification/gender_classifier/data/proj/new_boys/607.jpg;0
/home/vineet/Gender-Classification/gender_classifier/data/proj/new_boys/410.jpg;0
/home/vineet/Gender-Classification/gender_classifier/data/proj/new_boys/688.jpg;0
/home/vineet/Gender-Classification/gender_classifier/data/proj/new_boys/78.jpg;0
/home/vineet/Gender-Classification/gender_classifier/data/proj/new_boys/296.jpg;0
/home/vineet/Gender-Classification/gender_classifier/data/proj/new_boys/658.jpg;0
/home/vineet/Gender-Classification/gender_classifier/data/proj/new_boys/377.jpg;0
/home/vineet/Gender-Classification/gender_classifier/data/proj/new_boys/67.jpg;0
/home/vineet/Gender-Classification/gender_classifier/data/proj/new_boys/134.jpg;0
/home/vineet/Gender-Classification/gender_classifier/data/proj/new_boys/141.jpg;0
/home/vineet/Gender-Classification/gender_classifier/data/proj/new_boys/689.jpg;0
/home/vineet/Gender-Classification/gender_classifier/data/proj/new_boys/405.jpg;0
/home/vineet/Gender-Classification/gender_classifier/data/proj/new_boys/545.jpg;0
/home/vineet/Gender-Classification/gender_classifier/data/proj/new_boys/176.jpg;0
/home/vineet/Gender-Classification/gender_classifier/data/proj/new_boys/426.jpg;0
/home/vineet/Gender-Classification/gender_classifier/data/proj/new_boys/558.jpg;0
/home/vineet/Gender-Classification/gender_classifier/data/proj/new_boys/538.jpg;0
/home/vineet/Gender-Classification/gender_classifier/data/proj/new_boys/621.jpg;0
/home/vineet/Gender-Classification/gender_classifier/data/proj/new_boys/211.jpg;0
/home/vineet/Gender-Classification/gender_classifier/data/proj/new_boys/687.jpg;0
/home/vineet/Gender-Classification/gender_classifier/data/proj/new_boys/264.jpg;0
/home/vineet/Gender-Classification/gender_classifier/data/proj/new_boys/74.jpg;0
/home/vineet/Gender-Classification/gender_classifier/data/proj/new_boys/336.jpg;0
/home/vineet/Gender-Classification/gender_classifier/data/proj/new_boys/402.jpg;0
/home/vineet/Gender-Classification/gender_classifier/data/proj/new_boys/518.jpg;0
/home/vineet/Gender-Classification/gender_classifier/data/proj/new_boys/229.jpg;0
/home/vineet/Gender-Classification/gender_classifier/data/proj/new_boys/105.jpg;0
/home/vineet/Gender-Classification/gender_classifier/data/proj/new_boys/302.jpg;0
/home/vineet/Gender-Classification/gender_classifier/data/proj/new_boys/493.jpg;0
/home/vineet/Gender-Classification/gender_classifier/data/proj/new_boys/467.jpg;0
/home/vineet/Gender-Classification/gender_classifier/data/proj/new_boys/159.jpg;0
/home/vineet/Gender-Classification/gender_classifier/data/proj/new_boys/51.jpg;0
/home/vineet/Gender-Classification/gender_classifier/data/proj/new_boys/645.jpg;0
/home/vineet/Gender-Classification/gender_classifier/data/proj/new_boys/80.jpg;0
/home/vineet/Gender-Classification/gender_classifier/data/proj/new_boys/207.jpg;0
/home/vineet/Gender-Classification/gender_classifier/data/proj/new_boys/552.jpg;0
/home/vineet/Gender-Classification/gender_classifier/data/proj/new_boys/667.jpg;0
/home/vineet/Gender-Classification/gender_classifier/data/proj/new_boys/380.jpg;0
/home/vineet/Gender-Classification/gender_classifier/data/proj/new_boys/581.jpg;0
/home/vineet/Gender-Classification/gender_classifier/data/proj/new_boys/462.jpg;0
/home/vineet/Gender-Classification/gender_classifier/data/proj/new_boys/476.jpg;0
/home/vineet/Gender-Classification/gender_classifier/data/proj/new_boys/164.jpg;0
/home/vineet/Gender-Classification/gender_classifier/data/proj/new_boys/662.jpg;0
/home/vineet/Gender-Classification/gender_classifier/data/proj/new_boys/403.jpg;0
/home/vineet/Gender-Classification/gender_classifier/data/proj/new_boys/577.jpg;0
/home/vineet/Gender-Classification/gender_classifier/data/proj/new_boys/492.jpg;0
/home/vineet/Gender-Classification/gender_classifier/data/proj/new_boys/530.jpg;0
/home/vineet/Gender-Classification/gender_classifier/data/proj/new_boys/670.jpg;0
/home/vineet/Gender-Classification/gender_classifier/data/proj/new_boys/225.jpg;0
/home/vineet/Gender-Classification/gender_classifier/data/proj/new_boys/43.jpg;0
/home/vineet/Gender-Classification/gender_classifier/data/proj/new_boys/84.jpg;0
/home/vineet/Gender-Classification/gender_classifier/data/proj/new_boys/152.jpg;0
/home/vineet/Gender-Classification/gender_classifier/data/proj/new_boys/120.jpg;0
/home/vineet/Gender-Classification/gender_classifier/data/proj/new_boys/129.jpg;0
/home/vineet/Gender-Classification/gender_classifier/data/proj/new_boys/503.jpg;0
/home/vineet/Gender-Classification/gender_classifier/data/proj/new_boys/315.jpg;0
/home/vineet/Gender-Classification/gender_classifier/data/proj/new_boys/550.jpg;0
/home/vineet/Gender-Classification/gender_classifier/data/proj/new_boys/17.jpg;0
/home/vineet/Gender-Classification/gender_classifier/data/proj/new_boys/177.jpg;0
/home/vineet/Gender-Classification/gender_classifier/data/proj/new_boys/63.jpg;0
/home/vineet/Gender-Classification/gender_classifier/data/proj/new_boys/76.jpg;0
/home/vineet/Gender-Classification/gender_classifier/data/proj/new_boys/145.jpg;0
/home/vineet/Gender-Classification/gender_classifier/data/proj/new_boys/184.jpg;0
/home/vineet/Gender-Classification/gender_classifier/data/proj/new_boys/173.jpg;0
/home/vineet/Gender-Classification/gender_classifier/data/proj/new_boys/70.jpg;0
/home/vineet/Gender-Classification/gender_classifier/data/proj/new_boys/93.jpg;0
/home/vineet/Gender-Classification/gender_classifier/data/proj/new_boys/289.jpg;0
/home/vineet/Gender-Classification/gender_classifier/data/proj/new_boys/499.jpg;0
/home/vineet/Gender-Classification/gender_classifier/data/proj/new_boys/132.jpg;0
/home/vineet/Gender-Classification/gender_classifier/data/proj/new_boys/19.jpg;0
/home/vineet/Gender-Classification/gender_classifier/data/proj/new_boys/417.jpg;0
/home/vineet/Gender-Classification/gender_classifier/data/proj/new_boys/200.jpg;0
/home/vineet/Gender-Classification/gender_classifier/data/proj/new_boys/282.jpg;0
/home/vineet/Gender-Classification/gender_classifier/data/proj/new_boys/359.jpg;0
/home/vineet/Gender-Classification/gender_classifier/data/proj/new_boys/21.jpg;0
/home/vineet/Gender-Classification/gender_classifier/data/proj/new_boys/55.jpg;0
/home/vineet/Gender-Classification/gender_classifier/data/proj/new_boys/427.jpg;0
/home/vineet/Gender-Classification/gender_classifier/data/proj/new_boys/153.jpg;0
/home/vineet/Gender-Classification/gender_classifier/data/proj/new_boys/271.jpg;0
/home/vineet/Gender-Classification/gender_classifier/data/proj/new_boys/527.jpg;0
/home/vineet/Gender-Classification/gender_classifier/data/proj/new_boys/635.jpg;0
/home/vineet/Gender-Classification/gender_classifier/data/proj/new_boys/267.jpg;0
/home/vineet/Gender-Classification/gender_classifier/data/proj/new_boys/316.jpg;0
/home/vineet/Gender-Classification/gender_classifier/data/proj/new_boys/168.jpg;0
/home/vineet/Gender-Classification/gender_classifier/data/proj/new_boys/534.jpg;0
/home/vineet/Gender-Classification/gender_classifier/data/proj/new_boys/215.jpg;0
/home/vineet/Gender-Classification/gender_classifier/data/proj/new_boys/382.jpg;0
/home/vineet/Gender-Classification/gender_classifier/data/proj/new_boys/165.jpg;0
/home/vineet/Gender-Classification/gender_classifier/data/proj/new_boys/365.jpg;0
/home/vineet/Gender-Classification/gender_classifier/data/proj/new_boys/481.jpg;0
/home/vineet/Gender-Classification/gender_classifier/data/proj/new_boys/327.jpg;0
/home/vineet/Gender-Classification/gender_classifier/data/proj/new_boys/174.jpg;0
/home/vineet/Gender-Classification/gender_classifier/data/proj/new_boys/455.jpg;0
/home/vineet/Gender-Classification/gender_classifier/data/proj/new_boys/439.jpg;0
/home/vineet/Gender-Classification/gender_classifier/data/proj/new_boys/617.jpg;0
/home/vineet/Gender-Classification/gender_classifier/data/proj/new_boys/563.jpg;0
/home/vineet/Gender-Classification/gender_classifier/data/proj/new_boys/26.jpg;0
/home/vineet/Gender-Classification/gender_classifier/data/proj/new_boys/683.jpg;0
/home/vineet/Gender-Classification/gender_classifier/data/proj/new_boys/238.jpg;0
/home/vineet/Gender-Classification/gender_classifier/data/proj/new_boys/31.jpg;0
/home/vineet/Gender-Classification/gender_classifier/data/proj/new_boys/639.jpg;0
/home/vineet/Gender-Classification/gender_classifier/data/proj/new_boys/537.jpg;0
/home/vineet/Gender-Classification/gender_classifier/data/proj/new_boys/240.jpg;0
/home/vineet/Gender-Classification/gender_classifier/data/proj/new_boys/179.jpg;0
/home/vineet/Gender-Classification/gender_classifier/data/proj/new_boys/432.jpg;0
/home/vineet/Gender-Classification/gender_classifier/data/proj/new_boys/370.jpg;0
/home/vineet/Gender-Classification/gender_classifier/data/proj/new_boys/601.jpg;0
/home/vineet/Gender-Classification/gender_classifier/data/proj/new_boys/616.jpg;0
/home/vineet/Gender-Classification/gender_classifier/data/proj/new_boys/595.jpg;0
/home/vineet/Gender-Classification/gender_classifier/data/proj/new_boys/422.jpg;0
/home/vineet/Gender-Classification/gender_classifier/data/proj/new_boys/130.jpg;0
/home/vineet/Gender-Classification/gender_classifier/data/proj/new_boys/94.jpg;0
/home/vineet/Gender-Classification/gender_classifier/data/proj/new_boys/431.jpg;0
/home/vineet/Gender-Classification/gender_classifier/data/proj/new_boys/463.jpg;0
/home/vineet/Gender-Classification/gender_classifier/data/proj/new_boys/447.jpg;0
/home/vineet/Gender-Classification/gender_classifier/data/proj/new_boys/347.jpg;0
/home/vineet/Gender-Classification/gender_classifier/data/proj/new_boys/268.jpg;0
/home/vineet/Gender-Classification/gender_classifier/data/proj/new_boys/539.jpg;0
/home/vineet/Gender-Classification/gender_classifier/data/proj/new_boys/686.jpg;0
/home/vineet/Gender-Classification/gender_classifier/data/proj/new_boys/416.jpg;0
/home/vineet/Gender-Classification/gender_classifier/data/proj/new_boys/400.jpg;0
/home/vineet/Gender-Classification/gender_classifier/data/proj/new_boys/113.jpg;0
/home/vineet/Gender-Classification/gender_classifier/data/proj/new_boys/66.jpg;0
/home/vineet/Gender-Classification/gender_classifier/data/proj/new_boys/630.jpg;0
/home/vineet/Gender-Classification/gender_classifier/data/proj/new_boys/222.jpg;0
/home/vineet/Gender-Classification/gender_classifier/data/proj/new_boys/61.jpg;0
/home/vineet/Gender-Classification/gender_classifier/data/proj/new_boys/295.jpg;0
/home/vineet/Gender-Classification/gender_classifier/data/proj/new_boys/587.jpg;0
/home/vineet/Gender-Classification/gender_classifier/data/proj/new_boys/65.jpg;0
/home/vineet/Gender-Classification/gender_classifier/data/proj/new_boys/182.jpg;0
/home/vineet/Gender-Classification/gender_classifier/data/proj/new_boys/556.jpg;0
/home/vineet/Gender-Classification/gender_classifier/data/proj/new_boys/269.jpg;0
/home/vineet/Gender-Classification/gender_classifier/data/proj/new_boys/236.jpg;0
/home/vineet/Gender-Classification/gender_classifier/data/proj/new_boys/272.jpg;0
/home/vineet/Gender-Classification/gender_classifier/data/proj/new_boys/257.jpg;0
/home/vineet/Gender-Classification/gender_classifier/data/proj/new_boys/468.jpg;0
/home/vineet/Gender-Classification/gender_classifier/data/proj/new_boys/53.jpg;0
/home/vineet/Gender-Classification/gender_classifier/data/proj/new_boys/485.jpg;0
/home/vineet/Gender-Classification/gender_classifier/data/proj/new_boys/318.jpg;0
/home/vineet/Gender-Classification/gender_classifier/data/proj/new_boys/10.jpg;0
/home/vineet/Gender-Classification/gender_classifier/data/proj/new_boys/5.jpg;0
/home/vineet/Gender-Classification/gender_classifier/data/proj/new_boys/602.jpg;0
/home/vineet/Gender-Classification/gender_classifier/data/proj/new_boys/338.jpg;0
/home/vineet/Gender-Classification/gender_classifier/data/proj/new_boys/189.jpg;0
/home/vineet/Gender-Classification/gender_classifier/data/proj/new_boys/162.jpg;0
/home/vineet/Gender-Classification/gender_classifier/data/proj/new_boys/49.jpg;0
/home/vineet/Gender-Classification/gender_classifier/data/proj/new_boys/415.jpg;0
/home/vineet/Gender-Classification/gender_classifier/data/proj/new_boys/273.jpg;0
/home/vineet/Gender-Classification/gender_classifier/data/proj/new_boys/579.jpg;0
/home/vineet/Gender-Classification/gender_classifier/data/proj/new_boys/547.jpg;0
/home/vineet/Gender-Classification/gender_classifier/data/proj/new_boys/637.jpg;0
/home/vineet/Gender-Classification/gender_classifier/data/proj/new_boys/106.jpg;0
/home/vineet/Gender-Classification/gender_classifier/data/proj/new_boys/163.jpg;0
/home/vineet/Gender-Classification/gender_classifier/data/proj/new_boys/96.jpg;0
/home/vineet/Gender-Classification/gender_classifier/data/proj/new_boys/59.jpg;0
/home/vineet/Gender-Classification/gender_classifier/data/proj/new_boys/166.jpg;0
/home/vineet/Gender-Classification/gender_classifier/data/proj/new_boys/360.jpg;0
/home/vineet/Gender-Classification/gender_classifier/data/proj/new_boys/631.jpg;0
/home/vineet/Gender-Classification/gender_classifier/data/proj/new_boys/224.jpg;0
/home/vineet/Gender-Classification/gender_classifier/data/proj/new_boys/648.jpg;0
/home/vineet/Gender-Classification/gender_classifier/data/proj/new_boys/452.jpg;0
/home/vineet/Gender-Classification/gender_classifier/data/proj/new_boys/334.jpg;0
/home/vineet/Gender-Classification/gender_classifier/data/proj/new_boys/560.jpg;0
/home/vineet/Gender-Classification/gender_classifier/data/proj/new_boys/458.jpg;0
/home/vineet/Gender-Classification/gender_classifier/data/proj/new_boys/568.jpg;0
/home/vineet/Gender-Classification/gender_classifier/data/proj/new_boys/357.jpg;0
/home/vineet/Gender-Classification/gender_classifier/data/proj/new_boys/589.jpg;0
/home/vineet/Gender-Classification/gender_classifier/data/proj/new_boys/323.jpg;0
/home/vineet/Gender-Classification/gender_classifier/data/proj/new_boys/223.jpg;0
/home/vineet/Gender-Classification/gender_classifier/data/proj/new_boys/195.jpg;0
/home/vineet/Gender-Classification/gender_classifier/data/proj/new_boys/573.jpg;0
/home/vineet/Gender-Classification/gender_classifier/data/proj/new_boys/521.jpg;0
/home/vineet/Gender-Classification/gender_classifier/data/proj/new_boys/101.jpg;0
/home/vineet/Gender-Classification/gender_classifier/data/proj/new_boys/557.jpg;0
/home/vineet/Gender-Classification/gender_classifier/data/proj/new_boys/506.jpg;0
/home/vineet/Gender-Classification/gender_classifier/data/proj/new_boys/508.jpg;0
/home/vineet/Gender-Classification/gender_classifier/data/proj/new_boys/322.jpg;0
/home/vineet/Gender-Classification/gender_classifier/data/proj/new_boys/293.jpg;0
/home/vineet/Gender-Classification/gender_classifier/data/proj/new_boys/551.jpg;0
/home/vineet/Gender-Classification/gender_classifier/data/proj/new_boys/307.jpg;0
/home/vineet/Gender-Classification/gender_classifier/data/proj/new_boys/18.jpg;0
/home/vineet/Gender-Classification/gender_classifier/data/proj/new_boys/232.jpg;0
/home/vineet/Gender-Classification/gender_classifier/data/proj/new_boys/509.jpg;0
/home/vineet/Gender-Classification/gender_classifier/data/proj/new_boys/517.jpg;0
/home/vineet/Gender-Classification/gender_classifier/data/proj/new_boys/525.jpg;0
/home/vineet/Gender-Classification/gender_classifier/data/proj/new_boys/651.jpg;0
/home/vineet/Gender-Classification/gender_classifier/data/proj/new_boys/669.jpg;0
/home/vineet/Gender-Classification/gender_classifier/data/proj/new_boys/205.jpg;0
/home/vineet/Gender-Classification/gender_classifier/data/proj/new_boys/642.jpg;0
/home/vineet/Gender-Classification/gender_classifier/data/proj/new_boys/328.jpg;0
/home/vineet/Gender-Classification/gender_classifier/data/proj/new_boys/339.jpg;0
/home/vineet/Gender-Classification/gender_classifier/data/proj/new_boys/115.jpg;0
/home/vineet/Gender-Classification/gender_classifier/data/proj/new_boys/218.jpg;0
/home/vineet/Gender-Classification/gender_classifier/data/proj/new_boys/87.jpg;0
/home/vineet/Gender-Classification/gender_classifier/data/proj/new_boys/543.jpg;0
/home/vineet/Gender-Classification/gender_classifier/data/proj/new_boys/337.jpg;0
/home/vineet/Gender-Classification/gender_classifier/data/proj/new_boys/216.jpg;0
/home/vineet/Gender-Classification/gender_classifier/data/proj/new_boys/245.jpg;0
/home/vineet/Gender-Classification/gender_classifier/data/proj/new_boys/531.jpg;0
/home/vineet/Gender-Classification/gender_classifier/data/proj/new_boys/376.jpg;0
/home/vineet/Gender-Classification/gender_classifier/data/proj/new_boys/444.jpg;0
/home/vineet/Gender-Classification/gender_classifier/data/proj/new_boys/329.jpg;0
/home/vineet/Gender-Classification/gender_classifier/data/proj/new_boys/330.jpg;0
/home/vineet/Gender-Classification/gender_classifier/data/proj/new_boys/628.jpg;0
/home/vineet/Gender-Classification/gender_classifier/data/proj/new_boys/298.jpg;0
/home/vineet/Gender-Classification/gender_classifier/data/proj/new_boys/693.jpg;0
/home/vineet/Gender-Classification/gender_classifier/data/proj/new_boys/194.jpg;0
/home/vineet/Gender-Classification/gender_classifier/data/proj/new_boys/489.jpg;0
/home/vineet/Gender-Classification/gender_classifier/data/proj/new_boys/484.jpg;0
/home/vineet/Gender-Classification/gender_classifier/data/proj/new_boys/147.jpg;0
/home/vineet/Gender-Classification/gender_classifier/data/proj/new_boys/681.jpg;0
/home/vineet/Gender-Classification/gender_classifier/data/proj/new_boys/313.jpg;0
/home/vineet/Gender-Classification/gender_classifier/data/proj/new_boys/239.jpg;0
/home/vineet/Gender-Classification/gender_classifier/data/proj/new_boys/440.jpg;0
/home/vineet/Gender-Classification/gender_classifier/data/proj/new_boys/15.jpg;0
/home/vineet/Gender-Classification/gender_classifier/data/proj/new_boys/673.jpg;0
/home/vineet/Gender-Classification/gender_classifier/data/proj/new_boys/414.jpg;0
/home/vineet/Gender-Classification/gender_classifier/data/proj/new_boys/668.jpg;0
/home/vineet/Gender-Classification/gender_classifier/data/proj/new_boys/325.jpg;0
/home/vineet/Gender-Classification/gender_classifier/data/proj/new_boys/98.jpg;0
/home/vineet/Gender-Classification/gender_classifier/data/proj/new_boys/572.jpg;0
/home/vineet/Gender-Classification/gender_classifier/data/proj/new_boys/50.jpg;0
/home/vineet/Gender-Classification/gender_classifier/data/proj/new_boys/107.jpg;0
/home/vineet/Gender-Classification/gender_classifier/data/proj/new_boys/391.jpg;0
/home/vineet/Gender-Classification/gender_classifier/data/proj/new_boys/89.jpg;0
/home/vineet/Gender-Classification/gender_classifier/data/proj/new_boys/139.jpg;0
/home/vineet/Gender-Classification/gender_classifier/data/proj/new_boys/306.jpg;0
/home/vineet/Gender-Classification/gender_classifier/data/proj/new_boys/36.jpg;0
/home/vineet/Gender-Classification/gender_classifier/data/proj/new_boys/180.jpg;0
/home/vineet/Gender-Classification/gender_classifier/data/proj/new_boys/52.jpg;0
/home/vineet/Gender-Classification/gender_classifier/data/proj/new_boys/35.jpg;0
/home/vineet/Gender-Classification/gender_classifier/data/proj/new_boys/520.jpg;0
/home/vineet/Gender-Classification/gender_classifier/data/proj/new_boys/324.jpg;0
/home/vineet/Gender-Classification/gender_classifier/data/proj/new_boys/650.jpg;0
/home/vineet/Gender-Classification/gender_classifier/data/proj/new_boys/131.jpg;0
/home/vineet/Gender-Classification/gender_classifier/data/proj/new_boys/340.jpg;0
/home/vineet/Gender-Classification/gender_classifier/data/proj/new_boys/528.jpg;0
/home/vineet/Gender-Classification/gender_classifier/data/proj/new_boys/188.jpg;0
/home/vineet/Gender-Classification/gender_classifier/data/proj/new_boys/583.jpg;0
/home/vineet/Gender-Classification/gender_classifier/data/proj/new_boys/281.jpg;0
/home/vineet/Gender-Classification/gender_classifier/data/proj/new_boys/523.jpg;0
/home/vineet/Gender-Classification/gender_classifier/data/proj/new_boys/622.jpg;0
/home/vineet/Gender-Classification/gender_classifier/data/proj/new_boys/178.jpg;0
/home/vineet/Gender-Classification/gender_classifier/data/proj/new_boys/438.jpg;0
/home/vineet/Gender-Classification/gender_classifier/data/proj/new_boys/482.jpg;0
/home/vineet/Gender-Classification/gender_classifier/data/proj/new_boys/424.jpg;0
/home/vineet/Gender-Classification/gender_classifier/data/proj/new_boys/299.jpg;0
/home/vineet/Gender-Classification/gender_classifier/data/proj/new_boys/242.jpg;0
/home/vineet/Gender-Classification/gender_classifier/data/proj/new_boys/532.jpg;0
/home/vineet/Gender-Classification/gender_classifier/data/proj/new_boys/546.jpg;0
/home/vineet/Gender-Classification/gender_classifier/data/proj/new_boys/331.jpg;0
/home/vineet/Gender-Classification/gender_classifier/data/proj/new_boys/262.jpg;0
/home/vineet/Gender-Classification/gender_classifier/data/proj/new_boys/27.jpg;0
/home/vineet/Gender-Classification/gender_classifier/data/proj/new_boys/142.jpg;0
/home/vineet/Gender-Classification/gender_classifier/data/proj/new_boys/193.jpg;0
/home/vineet/Gender-Classification/gender_classifier/data/proj/new_boys/411.jpg;0
/home/vineet/Gender-Classification/gender_classifier/data/proj/new_boys/419.jpg;0
/home/vineet/Gender-Classification/gender_classifier/data/proj/new_boys/548.jpg;0
/home/vineet/Gender-Classification/gender_classifier/data/proj/new_boys/292.jpg;0
/home/vineet/Gender-Classification/gender_classifier/data/proj/new_boys/597.jpg;0
/home/vineet/Gender-Classification/gender_classifier/data/proj/new_boys/117.jpg;0
/home/vineet/Gender-Classification/gender_classifier/data/proj/new_boys/348.jpg;0
/home/vineet/Gender-Classification/gender_classifier/data/proj/new_boys/335.jpg;0
/home/vineet/Gender-Classification/gender_classifier/data/proj/new_boys/495.jpg;0
/home/vineet/Gender-Classification/gender_classifier/data/proj/new_boys/379.jpg;0
/home/vineet/Gender-Classification/gender_classifier/data/proj/new_boys/436.jpg;0
/home/vineet/Gender-Classification/gender_classifier/data/proj/new_boys/494.jpg;0
/home/vineet/Gender-Classification/gender_classifier/data/proj/new_boys/2.jpg;0
/home/vineet/Gender-Classification/gender_classifier/data/proj/new_boys/201.jpg;0
/home/vineet/Gender-Classification/gender_classifier/data/proj/new_boys/171.jpg;0
/home/vineet/Gender-Classification/gender_classifier/data/proj/new_boys/219.jpg;0
/home/vineet/Gender-Classification/gender_classifier/data/proj/new_boys/206.jpg;0
/home/vineet/Gender-Classification/gender_classifier/data/proj/new_boys/614.jpg;0
/home/vineet/Gender-Classification/gender_classifier/data/proj/new_boys/536.jpg;0
/home/vineet/Gender-Classification/gender_classifier/data/proj/new_boys/449.jpg;0
/home/vineet/Gender-Classification/gender_classifier/data/proj/new_boys/497.jpg;0
/home/vineet/Gender-Classification/gender_classifier/data/proj/new_boys/609.jpg;0
/home/vineet/Gender-Classification/gender_classifier/data/proj/new_boys/126.jpg;0
/home/vineet/Gender-Classification/gender_classifier/data/proj/new_boys/203.jpg;0
/home/vineet/Gender-Classification/gender_classifier/data/proj/new_boys/384.jpg;0
/home/vineet/Gender-Classification/gender_classifier/data/proj/new_boys/278.jpg;0
/home/vineet/Gender-Classification/gender_classifier/data/proj/new_boys/362.jpg;0
/home/vineet/Gender-Classification/gender_classifier/data/proj/new_boys/505.jpg;0
/home/vineet/Gender-Classification/gender_classifier/data/proj/new_boys/671.jpg;0
/home/vineet/Gender-Classification/gender_classifier/data/proj/new_boys/383.jpg;0
/home/vineet/Gender-Classification/gender_classifier/data/proj/new_boys/135.jpg;0
/home/vineet/Gender-Classification/gender_classifier/data/proj/new_boys/104.jpg;0
/home/vineet/Gender-Classification/gender_classifier/data/proj/new_boys/660.jpg;0
/home/vineet/Gender-Classification/gender_classifier/data/proj/new_boys/102.jpg;0
/home/vineet/Gender-Classification/gender_classifier/data/proj/new_boys/608.jpg;0
/home/vineet/Gender-Classification/gender_classifier/data/proj/new_boys/363.jpg;0
/home/vineet/Gender-Classification/gender_classifier/data/proj/new_boys/685.jpg;0
/home/vineet/Gender-Classification/gender_classifier/data/proj/new_boys/37.jpg;0
/home/vineet/Gender-Classification/gender_classifier/data/proj/new_boys/192.jpg;0
/home/vineet/Gender-Classification/gender_classifier/data/proj/new_boys/190.jpg;0
/home/vineet/Gender-Classification/gender_classifier/data/proj/new_boys/466.jpg;0
/home/vineet/Gender-Classification/gender_classifier/data/proj/new_boys/507.jpg;0
/home/vineet/Gender-Classification/gender_classifier/data/proj/new_boys/81.jpg;0
/home/vineet/Gender-Classification/gender_classifier/data/proj/new_boys/252.jpg;0
/home/vineet/Gender-Classification/gender_classifier/data/proj/new_boys/647.jpg;0
/home/vineet/Gender-Classification/gender_classifier/data/proj/new_boys/38.jpg;0
/home/vineet/Gender-Classification/gender_classifier/data/proj/new_boys/56.jpg;0
/home/vineet/Gender-Classification/gender_classifier/data/proj/new_boys/664.jpg;0
/home/vineet/Gender-Classification/gender_classifier/data/proj/new_boys/678.jpg;0
/home/vineet/Gender-Classification/gender_classifier/data/proj/new_boys/672.jpg;0
/home/vineet/Gender-Classification/gender_classifier/data/proj/new_boys/227.jpg;0
/home/vineet/Gender-Classification/gender_classifier/data/proj/new_boys/406.jpg;0
/home/vineet/Gender-Classification/gender_classifier/data/proj/new_boys/407.jpg;0
/home/vineet/Gender-Classification/gender_classifier/data/proj/new_boys/6.jpg;0
/home/vineet/Gender-Classification/gender_classifier/data/proj/new_boys/287.jpg;0
/home/vineet/Gender-Classification/gender_classifier/data/proj/new_boys/228.jpg;0
/home/vineet/Gender-Classification/gender_classifier/data/proj/new_boys/91.jpg;0
/home/vineet/Gender-Classification/gender_classifier/data/proj/new_boys/364.jpg;0
/home/vineet/Gender-Classification/gender_classifier/data/proj/new_boys/592.jpg;0
/home/vineet/Gender-Classification/gender_classifier/data/proj/new_boys/542.jpg;0
/home/vineet/Gender-Classification/gender_classifier/data/proj/new_boys/8.jpg;0
/home/vineet/Gender-Classification/gender_classifier/data/proj/new_boys/116.jpg;0
/home/vineet/Gender-Classification/gender_classifier/data/proj/new_boys/274.jpg;0
/home/vineet/Gender-Classification/gender_classifier/data/proj/new_boys/1.jpg;0
/home/vineet/Gender-Classification/gender_classifier/data/proj/new_boys/183.jpg;0
/home/vineet/Gender-Classification/gender_classifier/data/proj/new_boys/435.jpg;0
/home/vineet/Gender-Classification/gender_classifier/data/proj/new_boys/514.jpg;0
/home/vineet/Gender-Classification/gender_classifier/data/proj/new_boys/230.jpg;0
/home/vineet/Gender-Classification/gender_classifier/data/proj/new_boys/33.jpg;0
/home/vineet/Gender-Classification/gender_classifier/data/proj/new_boys/191.jpg;0
/home/vineet/Gender-Classification/gender_classifier/data/proj/new_boys/604.jpg;0
/home/vineet/Gender-Classification/gender_classifier/data/proj/new_boys/524.jpg;0
/home/vineet/Gender-Classification/gender_classifier/data/proj/new_boys/196.jpg;0
/home/vineet/Gender-Classification/gender_classifier/data/proj/new_boys/161.jpg;0
/home/vineet/Gender-Classification/gender_classifier/data/proj/new_boys/502.jpg;0
/home/vineet/Gender-Classification/gender_classifier/data/proj/new_boys/68.jpg;0
/home/vineet/Gender-Classification/gender_classifier/data/proj/new_boys/97.jpg;0
/home/vineet/Gender-Classification/gender_classifier/data/proj/new_boys/209.jpg;0
/home/vineet/Gender-Classification/gender_classifier/data/proj/new_boys/663.jpg;0
/home/vineet/Gender-Classification/gender_classifier/data/proj/new_boys/11.jpg;0
/home/vineet/Gender-Classification/gender_classifier/data/proj/new_boys/570.jpg;0
/home/vineet/Gender-Classification/gender_classifier/data/proj/new_boys/412.jpg;0
/home/vineet/Gender-Classification/gender_classifier/data/proj/new_boys/445.jpg;0
/home/vineet/Gender-Classification/gender_classifier/data/proj/new_boys/378.jpg;0
/home/vineet/Gender-Classification/gender_classifier/data/proj/new_boys/210.jpg;0
/home/vineet/Gender-Classification/gender_classifier/data/proj/new_boys/253.jpg;0
/home/vineet/Gender-Classification/gender_classifier/data/proj/new_boys/498.jpg;0
/home/vineet/Gender-Classification/gender_classifier/data/proj/new_boys/352.jpg;0
/home/vineet/Gender-Classification/gender_classifier/data/proj/new_boys/111.jpg;0
/home/vineet/Gender-Classification/gender_classifier/data/proj/new_boys/638.jpg;0
/home/vineet/Gender-Classification/gender_classifier/data/proj/new_boys/344.jpg;0
/home/vineet/Gender-Classification/gender_classifier/data/proj/new_boys/254.jpg;0
/home/vineet/Gender-Classification/gender_classifier/data/proj/new_boys/624.jpg;0
/home/vineet/Gender-Classification/gender_classifier/data/proj/new_boys/285.jpg;0
/home/vineet/Gender-Classification/gender_classifier/data/proj/new_boys/167.jpg;0
/home/vineet/Gender-Classification/gender_classifier/data/proj/new_boys/121.jpg;0
/home/vineet/Gender-Classification/gender_classifier/data/proj/new_boys/261.jpg;0
/home/vineet/Gender-Classification/gender_classifier/data/proj/new_boys/594.jpg;0
/home/vineet/Gender-Classification/gender_classifier/data/proj/new_boys/14.jpg;0
/home/vineet/Gender-Classification/gender_classifier/data/proj/new_boys/30.jpg;0
/home/vineet/Gender-Classification/gender_classifier/data/proj/new_boys/248.jpg;0
/home/vineet/Gender-Classification/gender_classifier/data/proj/new_boys/591.jpg;0
/home/vineet/Gender-Classification/gender_classifier/data/proj/new_boys/181.jpg;0
/home/vineet/Gender-Classification/gender_classifier/data/proj/new_boys/367.jpg;0
/home/vineet/Gender-Classification/gender_classifier/data/proj/new_boys/73.jpg;0
/home/vineet/Gender-Classification/gender_classifier/data/proj/new_boys/270.jpg;0
/home/vineet/Gender-Classification/gender_classifier/data/proj/new_boys/86.jpg;0
/home/vineet/Gender-Classification/gender_classifier/data/proj/new_boys/345.jpg;0
/home/vineet/Gender-Classification/gender_classifier/data/proj/new_boys/612.jpg;0
/home/vineet/Gender-Classification/gender_classifier/data/proj/new_boys/512.jpg;0
/home/vineet/Gender-Classification/gender_classifier/data/proj/new_boys/598.jpg;0
/home/vineet/Gender-Classification/gender_classifier/data/proj/new_boys/356.jpg;0
/home/vineet/Gender-Classification/gender_classifier/data/proj/new_boys/128.jpg;0
/home/vineet/Gender-Classification/gender_classifier/data/proj/new_boys/354.jpg;0
/home/vineet/Gender-Classification/gender_classifier/data/proj/new_boys/123.jpg;0
/home/vineet/Gender-Classification/gender_classifier/data/proj/new_boys/666.jpg;0
/home/vineet/Gender-Classification/gender_classifier/data/proj/new_boys/276.jpg;0
/home/vineet/Gender-Classification/gender_classifier/data/proj/new_boys/437.jpg;0
/home/vineet/Gender-Classification/gender_classifier/data/proj/new_boys/112.jpg;0
/home/vineet/Gender-Classification/gender_classifier/data/proj/new_boys/649.jpg;0
/home/vineet/Gender-Classification/gender_classifier/data/proj/new_boys/351.jpg;0
/home/vineet/Gender-Classification/gender_classifier/data/proj/new_boys/675.jpg;0
/home/vineet/Gender-Classification/gender_classifier/data/proj/new_boys/246.jpg;0
/home/vineet/Gender-Classification/gender_classifier/data/proj/new_boys/477.jpg;0
/home/vineet/Gender-Classification/gender_classifier/data/proj/new_boys/88.jpg;0
/home/vineet/Gender-Classification/gender_classifier/data/proj/new_boys/213.jpg;0
/home/vineet/Gender-Classification/gender_classifier/data/proj/new_boys/393.jpg;0
/home/vineet/Gender-Classification/gender_classifier/data/proj/new_boys/375.jpg;0
/home/vineet/Gender-Classification/gender_classifier/data/proj/new_boys/632.jpg;0
/home/vineet/Gender-Classification/gender_classifier/data/proj/new_boys/460.jpg;0
/home/vineet/Gender-Classification/gender_classifier/data/proj/new_boys/470.jpg;0
/home/vineet/Gender-Classification/gender_classifier/data/proj/new_boys/251.jpg;0
/home/vineet/Gender-Classification/gender_classifier/data/proj/new_boys/175.jpg;0
/home/vineet/Gender-Classification/gender_classifier/data/proj/new_boys/599.jpg;0
/home/vineet/Gender-Classification/gender_classifier/data/proj/new_boys/559.jpg;0
/home/vineet/Gender-Classification/gender_classifier/data/proj/new_boys/584.jpg;0
/home/vineet/Gender-Classification/gender_classifier/data/proj/new_boys/674.jpg;0
/home/vineet/Gender-Classification/gender_classifier/data/proj/new_boys/626.jpg;0
/home/vineet/Gender-Classification/gender_classifier/data/proj/new_boys/226.jpg;0
/home/vineet/Gender-Classification/gender_classifier/data/proj/new_boys/138.jpg;0
/home/vineet/Gender-Classification/gender_classifier/data/proj/new_boys/454.jpg;0
/home/vineet/Gender-Classification/gender_classifier/data/proj/new_boys/149.jpg;0
/home/vineet/Gender-Classification/gender_classifier/data/proj/new_boys/346.jpg;0
/home/vineet/Gender-Classification/gender_classifier/data/proj/new_boys/389.jpg;0
/home/vineet/Gender-Classification/gender_classifier/data/proj/new_boys/401.jpg;0
/home/vineet/Gender-Classification/gender_classifier/data/proj/new_boys/342.jpg;0
/home/vineet/Gender-Classification/gender_classifier/data/proj/new_boys/136.jpg;0
/home/vineet/Gender-Classification/gender_classifier/data/proj/new_boys/561.jpg;0
/home/vineet/Gender-Classification/gender_classifier/data/proj/new_boys/255.jpg;0
/home/vineet/Gender-Classification/gender_classifier/data/proj/new_boys/85.jpg;0
/home/vineet/Gender-Classification/gender_classifier/data/proj/new_boys/217.jpg;0
/home/vineet/Gender-Classification/gender_classifier/data/proj/new_boys/64.jpg;0
/home/vineet/Gender-Classification/gender_classifier/data/proj/new_boys/13.jpg;0
/home/vineet/Gender-Classification/gender_classifier/data/proj/new_boys/653.jpg;0
/home/vineet/Gender-Classification/gender_classifier/data/proj/new_boys/247.jpg;0
/home/vineet/Gender-Classification/gender_classifier/data/proj/new_boys/636.jpg;0
/home/vineet/Gender-Classification/gender_classifier/data/proj/new_boys/83.jpg;0
/home/vineet/Gender-Classification/gender_classifier/data/proj/new_boys/457.jpg;0
/home/vineet/Gender-Classification/gender_classifier/data/proj/new_boys/125.jpg;0
/home/vineet/Gender-Classification/gender_classifier/data/proj/new_boys/186.jpg;0
/home/vineet/Gender-Classification/gender_classifier/data/proj/new_boys/676.jpg;0
/home/vineet/Gender-Classification/gender_classifier/data/proj/new_boys/611.jpg;0
/home/vineet/Gender-Classification/gender_classifier/data/proj/new_boys/575.jpg;0
/home/vineet/Gender-Classification/gender_classifier/data/proj/new_boys/519.jpg;0
/home/vineet/Gender-Classification/gender_classifier/data/proj/new_boys/483.jpg;0
/home/vineet/Gender-Classification/gender_classifier/data/proj/new_boys/108.jpg;0
/home/vineet/Gender-Classification/gender_classifier/data/proj/new_boys/554.jpg;0
/home/vineet/Gender-Classification/gender_classifier/data/proj/new_boys/510.jpg;0
/home/vineet/Gender-Classification/gender_classifier/data/proj/new_boys/99.jpg;0
/home/vineet/Gender-Classification/gender_classifier/data/proj/new_boys/627.jpg;0
/home/vineet/Gender-Classification/gender_classifier/data/proj/new_boys/500.jpg;0
/home/vineet/Gender-Classification/gender_classifier/data/proj/new_boys/562.jpg;0
/home/vineet/Gender-Classification/gender_classifier/data/proj/new_boys/580.jpg;0
/home/vineet/Gender-Classification/gender_classifier/data/proj/new_boys/231.jpg;0
/home/vineet/Gender-Classification/gender_classifier/data/proj/new_boys/600.jpg;0
/home/vineet/Gender-Classification/gender_classifier/data/proj/new_boys/620.jpg;0
/home/vineet/Gender-Classification/gender_classifier/data/proj/new_boys/371.jpg;0
/home/vineet/Gender-Classification/gender_classifier/data/proj/new_boys/565.jpg;0
/home/vineet/Gender-Classification/gender_classifier/data/proj/new_boys/409.jpg;0
/home/vineet/Gender-Classification/gender_classifier/data/proj/new_boys/309.jpg;0
/home/vineet/Gender-Classification/gender_classifier/data/proj/new_boys/472.jpg;0
/home/vineet/Gender-Classification/gender_classifier/data/proj/new_boys/57.jpg;0
/home/vineet/Gender-Classification/gender_classifier/data/proj/new_boys/448.jpg;0
/home/vineet/Gender-Classification/gender_classifier/data/proj/new_boys/34.jpg;0
/home/vineet/Gender-Classification/gender_classifier/data/proj/new_boys/395.jpg;0
/home/vineet/Gender-Classification/gender_classifier/data/proj/new_boys/655.jpg;0
/home/vineet/Gender-Classification/gender_classifier/data/proj/new_boys/652.jpg;0
/home/vineet/Gender-Classification/gender_classifier/data/proj/new_boys/214.jpg;0
/home/vineet/Gender-Classification/gender_classifier/data/proj/new_boys/16.jpg;0
/home/vineet/Gender-Classification/gender_classifier/data/proj/new_boys/234.jpg;0
/home/vineet/Gender-Classification/gender_classifier/data/proj/new_boys/157.jpg;0
/home/vineet/Gender-Classification/gender_classifier/data/proj/new_boys/169.jpg;0
/home/vineet/Gender-Classification/gender_classifier/data/proj/new_boys/235.jpg;0
/home/vineet/Gender-Classification/gender_classifier/data/proj/new_boys/618.jpg;0
/home/vineet/Gender-Classification/gender_classifier/data/proj/new_boys/643.jpg;0
/home/vineet/Gender-Classification/gender_classifier/data/proj/new_boys/684.jpg;0
/home/vineet/Gender-Classification/gender_classifier/data/proj/new_boys/297.jpg;0
/home/vineet/Gender-Classification/gender_classifier/data/proj/new_boys/396.jpg;0
/home/vineet/Gender-Classification/gender_classifier/data/proj/new_boys/44.jpg;0
/home/vineet/Gender-Classification/gender_classifier/data/proj/new_boys/12.jpg;0
/home/vineet/Gender-Classification/gender_classifier/data/proj/new_boys/692.jpg;0
/home/vineet/Gender-Classification/gender_classifier/data/proj/new_boys/127.jpg;0
/home/vineet/Gender-Classification/gender_classifier/data/proj/new_boys/321.jpg;0
/home/vineet/Gender-Classification/gender_classifier/data/proj/new_boys/7.jpg;0
/home/vineet/Gender-Classification/gender_classifier/data/proj/new_boys/28.jpg;0
/home/vineet/Gender-Classification/gender_classifier/data/proj/new_boys/185.jpg;0
/home/vineet/Gender-Classification/gender_classifier/data/proj/new_boys/250.jpg;0
/home/vineet/Gender-Classification/gender_classifier/data/proj/new_boys/280.jpg;0
/home/vineet/Gender-Classification/gender_classifier/data/proj/new_boys/46.jpg;0
/home/vineet/Gender-Classification/gender_classifier/data/proj/new_boys/259.jpg;0
/home/vineet/Gender-Classification/gender_classifier/data/proj/new_boys/640.jpg;0
/home/vineet/Gender-Classification/gender_classifier/data/proj/new_boys/140.jpg;0
/home/vineet/Gender-Classification/gender_classifier/data/proj/new_boys/290.jpg;0
/home/vineet/Gender-Classification/gender_classifier/data/proj/new_boys/39.jpg;0
/home/vineet/Gender-Classification/gender_classifier/data/proj/new_boys/82.jpg;0
/home/vineet/Gender-Classification/gender_classifier/data/proj/new_boys/3.jpg;0
/home/vineet/Gender-Classification/gender_classifier/data/proj/new_boys/249.jpg;0
/home/vineet/Gender-Classification/gender_classifier/data/proj/new_boys/118.jpg;0
/home/vineet/Gender-Classification/gender_classifier/data/proj/new_boys/613.jpg;0
/home/vineet/Gender-Classification/gender_classifier/data/proj/new_boys/110.jpg;0
/home/vineet/Gender-Classification/gender_classifier/data/proj/new_boys/625.jpg;0
/home/vineet/Gender-Classification/gender_classifier/data/proj/new_boys/619.jpg;0
/home/vineet/Gender-Classification/gender_classifier/data/proj/new_boys/404.jpg;0
/home/vineet/Gender-Classification/gender_classifier/data/proj/new_boys/606.jpg;0
/home/vineet/Gender-Classification/gender_classifier/data/proj/new_boys/418.jpg;0
/home/vineet/Gender-Classification/gender_classifier/data/proj/new_boys/355.jpg;0
/home/vineet/Gender-Classification/gender_classifier/data/proj/new_boys/588.jpg;0
/home/vineet/Gender-Classification/gender_classifier/data/proj/new_boys/610.jpg;0
/home/vineet/Gender-Classification/gender_classifier/data/proj/new_boys/154.jpg;0
/home/vineet/Gender-Classification/gender_classifier/data/proj/new_boys/286.jpg;0
/home/vineet/Gender-Classification/gender_classifier/data/proj/new_boys/300.jpg;0
/home/vineet/Gender-Classification/gender_classifier/data/proj/new_boys/291.jpg;0
/home/vineet/Gender-Classification/gender_classifier/data/proj/new_boys/155.jpg;0
/home/vineet/Gender-Classification/gender_classifier/data/proj/new_boys/144.jpg;0
/home/vineet/Gender-Classification/gender_classifier/data/proj/new_boys/75.jpg;0
/home/vineet/Gender-Classification/gender_classifier/data/proj/new_boys/20.jpg;0
/home/vineet/Gender-Classification/gender_classifier/data/proj/new_boys/100.jpg;0
/home/vineet/Gender-Classification/gender_classifier/data/proj/new_boys/690.jpg;0
/home/vineet/Gender-Classification/gender_classifier/data/proj/new_boys/305.jpg;0
/home/vineet/Gender-Classification/gender_classifier/data/proj/new_boys/256.jpg;0
/home/vineet/Gender-Classification/gender_classifier/data/proj/new_boys/516.jpg;0
/home/vineet/Gender-Classification/gender_classifier/data/proj/new_boys/198.jpg;0
/home/vineet/Gender-Classification/gender_classifier/data/proj/new_boys/221.jpg;0
/home/vineet/Gender-Classification/gender_classifier/data/proj/new_boys/170.jpg;0
/home/vineet/Gender-Classification/gender_classifier/data/proj/new_boys/333.jpg;0
/home/vineet/Gender-Classification/gender_classifier/data/proj/new_boys/480.jpg;0
/home/vineet/Gender-Classification/gender_classifier/data/proj/new_boys/369.jpg;0
/home/vineet/Gender-Classification/gender_classifier/data/proj/new_boys/569.jpg;0
/home/vineet/Gender-Classification/gender_classifier/data/proj/new_boys/353.jpg;0
/home/vineet/Gender-Classification/gender_classifier/data/proj/new_boys/644.jpg;0
/home/vineet/Gender-Classification/gender_classifier/data/proj/new_boys/541.jpg;0
/home/vineet/Gender-Classification/gender_classifier/data/proj/new_boys/92.jpg;0
/home/vineet/Gender-Classification/gender_classifier/data/proj/new_boys/399.jpg;0
/home/vineet/Gender-Classification/gender_classifier/data/proj/new_boys/529.jpg;0
/home/vineet/Gender-Classification/gender_classifier/data/proj/new_boys/397.jpg;0
/home/vineet/Gender-Classification/gender_classifier/data/proj/new_boys/443.jpg;0
/home/vineet/Gender-Classification/gender_classifier/data/proj/new_boys/603.jpg;0
/home/vineet/Gender-Classification/gender_classifier/data/proj/new_boys/566.jpg;0
/home/vineet/Gender-Classification/gender_classifier/data/proj/new_boys/41.jpg;0
/home/vineet/Gender-Classification/gender_classifier/data/proj/new_boys/314.jpg;0
/home/vineet/Gender-Classification/gender_classifier/data/proj/new_boys/208.jpg;0
/home/vineet/Gender-Classification/gender_classifier/data/proj/new_boys/109.jpg;0
/home/vineet/Gender-Classification/gender_classifier/data/proj/new_boys/150.jpg;0
/home/vineet/Gender-Classification/gender_classifier/data/proj/new_boys/490.jpg;0
/home/vineet/Gender-Classification/gender_classifier/data/proj/new_boys/9.jpg;0
/home/vineet/Gender-Classification/gender_classifier/data/proj/new_boys/679.jpg;0
/home/vineet/Gender-Classification/gender_classifier/data/proj/new_boys/446.jpg;0
/home/vineet/Gender-Classification/gender_classifier/data/proj/new_boys/501.jpg;0
/home/vineet/Gender-Classification/gender_classifier/data/proj/new_boys/615.jpg;0
/home/vineet/Gender-Classification/gender_classifier/data/proj/new_boys/574.jpg;0
/home/vineet/Gender-Classification/gender_classifier/data/proj/new_boys/311.jpg;0
/home/vineet/Gender-Classification/gender_classifier/data/proj/new_boys/350.jpg;0
/home/vineet/Gender-Classification/gender_classifier/data/proj/new_boys/279.jpg;0
/home/vineet/Gender-Classification/gender_classifier/data/proj/new_boys/212.jpg;0
/home/vineet/Gender-Classification/gender_classifier/data/proj/new_boys/303.jpg;0
/home/vineet/Gender-Classification/gender_classifier/data/proj/new_boys/428.jpg;0
/home/vineet/Gender-Classification/gender_classifier/data/proj/new_boys/567.jpg;0
/home/vineet/Gender-Classification/gender_classifier/data/proj/new_boys/372.jpg;0
/home/vineet/Gender-Classification/gender_classifier/data/proj/new_boys/146.jpg;0
/home/vineet/Gender-Classification/gender_classifier/data/proj/new_boys/533.jpg;0
/home/vineet/Gender-Classification/gender_classifier/data/proj/new_boys/319.jpg;0
/home/vineet/Gender-Classification/gender_classifier/data/proj/new_boys/564.jpg;0
/home/vineet/Gender-Classification/gender_classifier/data/proj/new_boys/451.jpg;0
/home/vineet/Gender-Classification/gender_classifier/data/proj/new_girls/69.jpg;1
/home/vineet/Gender-Classification/gender_classifier/data/proj/new_girls/95.jpg;1
/home/vineet/Gender-Classification/gender_classifier/data/proj/new_girls/119.jpg;1
/home/vineet/Gender-Classification/gender_classifier/data/proj/new_girls/90.jpg;1
/home/vineet/Gender-Classification/gender_classifier/data/proj/new_girls/143.jpg;1
/home/vineet/Gender-Classification/gender_classifier/data/proj/new_girls/122.jpg;1
/home/vineet/Gender-Classification/gender_classifier/data/proj/new_girls/29.jpg;1
/home/vineet/Gender-Classification/gender_classifier/data/proj/new_girls/22.jpg;1
/home/vineet/Gender-Classification/gender_classifier/data/proj/new_girls/4.jpg;1
/home/vineet/Gender-Classification/gender_classifier/data/proj/new_girls/48.jpg;1
/home/vineet/Gender-Classification/gender_classifier/data/proj/new_girls/24.jpg;1
/home/vineet/Gender-Classification/gender_classifier/data/proj/new_girls/23.jpg;1
/home/vineet/Gender-Classification/gender_classifier/data/proj/new_girls/160.jpg;1
/home/vineet/Gender-Classification/gender_classifier/data/proj/new_girls/32.jpg;1
/home/vineet/Gender-Classification/gender_classifier/data/proj/new_girls/158.jpg;1
/home/vineet/Gender-Classification/gender_classifier/data/proj/new_girls/156.jpg;1
/home/vineet/Gender-Classification/gender_classifier/data/proj/new_girls/148.jpg;1
/home/vineet/Gender-Classification/gender_classifier/data/proj/new_girls/124.jpg;1
/home/vineet/Gender-Classification/gender_classifier/data/proj/new_girls/60.jpg;1
/home/vineet/Gender-Classification/gender_classifier/data/proj/new_girls/79.jpg;1
/home/vineet/Gender-Classification/gender_classifier/data/proj/new_girls/47.jpg;1
/home/vineet/Gender-Classification/gender_classifier/data/proj/new_girls/40.jpg;1
/home/vineet/Gender-Classification/gender_classifier/data/proj/new_girls/172.jpg;1
/home/vineet/Gender-Classification/gender_classifier/data/proj/new_girls/77.jpg;1
/home/vineet/Gender-Classification/gender_classifier/data/proj/new_girls/103.jpg;1
/home/vineet/Gender-Classification/gender_classifier/data/proj/new_girls/42.jpg;1
/home/vineet/Gender-Classification/gender_classifier/data/proj/new_girls/58.jpg;1
/home/vineet/Gender-Classification/gender_classifier/data/proj/new_girls/45.jpg;1
/home/vineet/Gender-Classification/gender_classifier/data/proj/new_girls/71.jpg;1
/home/vineet/Gender-Classification/gender_classifier/data/proj/new_girls/72.jpg;1
/home/vineet/Gender-Classification/gender_classifier/data/proj/new_girls/62.jpg;1
/home/vineet/Gender-Classification/gender_classifier/data/proj/new_girls/151.jpg;1
/home/vineet/Gender-Classification/gender_classifier/data/proj/new_girls/25.jpg;1
/home/vineet/Gender-Classification/gender_classifier/data/proj/new_girls/54.jpg;1
/home/vineet/Gender-Classification/gender_classifier/data/proj/new_girls/137.jpg;1
/home/vineet/Gender-Classification/gender_classifier/data/proj/new_girls/114.jpg;1
/home/vineet/Gender-Classification/gender_classifier/data/proj/new_girls/133.jpg;1
/home/vineet/Gender-Classification/gender_classifier/data/proj/new_girls/78.jpg;1
/home/vineet/Gender-Classification/gender_classifier/data/proj/new_girls/67.jpg;1
/home/vineet/Gender-Classification/gender_classifier/data/proj/new_girls/134.jpg;1
/home/vineet/Gender-Classification/gender_classifier/data/proj/new_girls/141.jpg;1
/home/vineet/Gender-Classification/gender_classifier/data/proj/new_girls/176.jpg;1
/home/vineet/Gender-Classification/gender_classifier/data/proj/new_girls/74.jpg;1
/home/vineet/Gender-Classification/gender_classifier/data/proj/new_girls/105.jpg;1
/home/vineet/Gender-Classification/gender_classifier/data/proj/new_girls/159.jpg;1
/home/vineet/Gender-Classification/gender_classifier/data/proj/new_girls/51.jpg;1
/home/vineet/Gender-Classification/gender_classifier/data/proj/new_girls/80.jpg;1
/home/vineet/Gender-Classification/gender_classifier/data/proj/new_girls/164.jpg;1
/home/vineet/Gender-Classification/gender_classifier/data/proj/new_girls/43.jpg;1
/home/vineet/Gender-Classification/gender_classifier/data/proj/new_girls/84.jpg;1
/home/vineet/Gender-Classification/gender_classifier/data/proj/new_girls/152.jpg;1
/home/vineet/Gender-Classification/gender_classifier/data/proj/new_girls/120.jpg;1
/home/vineet/Gender-Classification/gender_classifier/data/proj/new_girls/129.jpg;1
/home/vineet/Gender-Classification/gender_classifier/data/proj/new_girls/17.jpg;1
/home/vineet/Gender-Classification/gender_classifier/data/proj/new_girls/177.jpg;1
/home/vineet/Gender-Classification/gender_classifier/data/proj/new_girls/63.jpg;1
/home/vineet/Gender-Classification/gender_classifier/data/proj/new_girls/76.jpg;1
/home/vineet/Gender-Classification/gender_classifier/data/proj/new_girls/145.jpg;1
/home/vineet/Gender-Classification/gender_classifier/data/proj/new_girls/173.jpg;1
/home/vineet/Gender-Classification/gender_classifier/data/proj/new_girls/70.jpg;1
/home/vineet/Gender-Classification/gender_classifier/data/proj/new_girls/93.jpg;1
/home/vineet/Gender-Classification/gender_classifier/data/proj/new_girls/132.jpg;1
/home/vineet/Gender-Classification/gender_classifier/data/proj/new_girls/19.jpg;1
/home/vineet/Gender-Classification/gender_classifier/data/proj/new_girls/21.jpg;1
/home/vineet/Gender-Classification/gender_classifier/data/proj/new_girls/55.jpg;1
/home/vineet/Gender-Classification/gender_classifier/data/proj/new_girls/153.jpg;1
/home/vineet/Gender-Classification/gender_classifier/data/proj/new_girls/168.jpg;1
/home/vineet/Gender-Classification/gender_classifier/data/proj/new_girls/165.jpg;1
/home/vineet/Gender-Classification/gender_classifier/data/proj/new_girls/174.jpg;1
/home/vineet/Gender-Classification/gender_classifier/data/proj/new_girls/26.jpg;1
/home/vineet/Gender-Classification/gender_classifier/data/proj/new_girls/31.jpg;1
/home/vineet/Gender-Classification/gender_classifier/data/proj/new_girls/179.jpg;1
/home/vineet/Gender-Classification/gender_classifier/data/proj/new_girls/130.jpg;1
/home/vineet/Gender-Classification/gender_classifier/data/proj/new_girls/94.jpg;1
/home/vineet/Gender-Classification/gender_classifier/data/proj/new_girls/113.jpg;1
/home/vineet/Gender-Classification/gender_classifier/data/proj/new_girls/66.jpg;1
/home/vineet/Gender-Classification/gender_classifier/data/proj/new_girls/61.jpg;1
/home/vineet/Gender-Classification/gender_classifier/data/proj/new_girls/65.jpg;1
/home/vineet/Gender-Classification/gender_classifier/data/proj/new_girls/182.jpg;1
/home/vineet/Gender-Classification/gender_classifier/data/proj/new_girls/53.jpg;1
/home/vineet/Gender-Classification/gender_classifier/data/proj/new_girls/10.jpg;1
/home/vineet/Gender-Classification/gender_classifier/data/proj/new_girls/5.jpg;1
/home/vineet/Gender-Classification/gender_classifier/data/proj/new_girls/162.jpg;1
/home/vineet/Gender-Classification/gender_classifier/data/proj/new_girls/49.jpg;1
/home/vineet/Gender-Classification/gender_classifier/data/proj/new_girls/106.jpg;1
/home/vineet/Gender-Classification/gender_classifier/data/proj/new_girls/163.jpg;1
/home/vineet/Gender-Classification/gender_classifier/data/proj/new_girls/96.jpg;1
/home/vineet/Gender-Classification/gender_classifier/data/proj/new_girls/59.jpg;1
/home/vineet/Gender-Classification/gender_classifier/data/proj/new_girls/166.jpg;1
/home/vineet/Gender-Classification/gender_classifier/data/proj/new_girls/101.jpg;1
/home/vineet/Gender-Classification/gender_classifier/data/proj/new_girls/18.jpg;1
/home/vineet/Gender-Classification/gender_classifier/data/proj/new_girls/115.jpg;1
/home/vineet/Gender-Classification/gender_classifier/data/proj/new_girls/87.jpg;1
/home/vineet/Gender-Classification/gender_classifier/data/proj/new_girls/147.jpg;1
/home/vineet/Gender-Classification/gender_classifier/data/proj/new_girls/15.jpg;1
/home/vineet/Gender-Classification/gender_classifier/data/proj/new_girls/98.jpg;1
/home/vineet/Gender-Classification/gender_classifier/data/proj/new_girls/50.jpg;1
/home/vineet/Gender-Classification/gender_classifier/data/proj/new_girls/107.jpg;1
/home/vineet/Gender-Classification/gender_classifier/data/proj/new_girls/89.jpg;1
/home/vineet/Gender-Classification/gender_classifier/data/proj/new_girls/139.jpg;1
/home/vineet/Gender-Classification/gender_classifier/data/proj/new_girls/36.jpg;1
/home/vineet/Gender-Classification/gender_classifier/data/proj/new_girls/180.jpg;1
/home/vineet/Gender-Classification/gender_classifier/data/proj/new_girls/52.jpg;1
/home/vineet/Gender-Classification/gender_classifier/data/proj/new_girls/35.jpg;1
/home/vineet/Gender-Classification/gender_classifier/data/proj/new_girls/131.jpg;1
/home/vineet/Gender-Classification/gender_classifier/data/proj/new_girls/178.jpg;1
/home/vineet/Gender-Classification/gender_classifier/data/proj/new_girls/27.jpg;1
/home/vineet/Gender-Classification/gender_classifier/data/proj/new_girls/142.jpg;1
/home/vineet/Gender-Classification/gender_classifier/data/proj/new_girls/117.jpg;1
/home/vineet/Gender-Classification/gender_classifier/data/proj/new_girls/2.jpg;1
/home/vineet/Gender-Classification/gender_classifier/data/proj/new_girls/171.jpg;1
/home/vineet/Gender-Classification/gender_classifier/data/proj/new_girls/126.jpg;1
/home/vineet/Gender-Classification/gender_classifier/data/proj/new_girls/135.jpg;1
/home/vineet/Gender-Classification/gender_classifier/data/proj/new_girls/104.jpg;1
/home/vineet/Gender-Classification/gender_classifier/data/proj/new_girls/102.jpg;1
/home/vineet/Gender-Classification/gender_classifier/data/proj/new_girls/37.jpg;1
/home/vineet/Gender-Classification/gender_classifier/data/proj/new_girls/81.jpg;1
/home/vineet/Gender-Classification/gender_classifier/data/proj/new_girls/38.jpg;1
/home/vineet/Gender-Classification/gender_classifier/data/proj/new_girls/56.jpg;1
/home/vineet/Gender-Classification/gender_classifier/data/proj/new_girls/6.jpg;1
/home/vineet/Gender-Classification/gender_classifier/data/proj/new_girls/91.jpg;1
/home/vineet/Gender-Classification/gender_classifier/data/proj/new_girls/8.jpg;1
/home/vineet/Gender-Classification/gender_classifier/data/proj/new_girls/116.jpg;1
/home/vineet/Gender-Classification/gender_classifier/data/proj/new_girls/1.jpg;1
/home/vineet/Gender-Classification/gender_classifier/data/proj/new_girls/33.jpg;1
/home/vineet/Gender-Classification/gender_classifier/data/proj/new_girls/161.jpg;1
/home/vineet/Gender-Classification/gender_classifier/data/proj/new_girls/68.jpg;1
/home/vineet/Gender-Classification/gender_classifier/data/proj/new_girls/97.jpg;1
/home/vineet/Gender-Classification/gender_classifier/data/proj/new_girls/11.jpg;1
/home/vineet/Gender-Classification/gender_classifier/data/proj/new_girls/111.jpg;1
/home/vineet/Gender-Classification/gender_classifier/data/proj/new_girls/167.jpg;1
/home/vineet/Gender-Classification/gender_classifier/data/proj/new_girls/121.jpg;1
/home/vineet/Gender-Classification/gender_classifier/data/proj/new_girls/14.jpg;1
/home/vineet/Gender-Classification/gender_classifier/data/proj/new_girls/30.jpg;1
/home/vineet/Gender-Classification/gender_classifier/data/proj/new_girls/181.jpg;1
/home/vineet/Gender-Classification/gender_classifier/data/proj/new_girls/73.jpg;1
/home/vineet/Gender-Classification/gender_classifier/data/proj/new_girls/86.jpg;1
/home/vineet/Gender-Classification/gender_classifier/data/proj/new_girls/128.jpg;1
/home/vineet/Gender-Classification/gender_classifier/data/proj/new_girls/123.jpg;1
/home/vineet/Gender-Classification/gender_classifier/data/proj/new_girls/112.jpg;1
/home/vineet/Gender-Classification/gender_classifier/data/proj/new_girls/88.jpg;1
/home/vineet/Gender-Classification/gender_classifier/data/proj/new_girls/175.jpg;1
/home/vineet/Gender-Classification/gender_classifier/data/proj/new_girls/138.jpg;1
/home/vineet/Gender-Classification/gender_classifier/data/proj/new_girls/149.jpg;1
/home/vineet/Gender-Classification/gender_classifier/data/proj/new_girls/136.jpg;1
/home/vineet/Gender-Classification/gender_classifier/data/proj/new_girls/85.jpg;1
/home/vineet/Gender-Classification/gender_classifier/data/proj/new_girls/64.jpg;1
/home/vineet/Gender-Classification/gender_classifier/data/proj/new_girls/13.jpg;1
/home/vineet/Gender-Classification/gender_classifier/data/proj/new_girls/83.jpg;1
/home/vineet/Gender-Classification/gender_classifier/data/proj/new_girls/125.jpg;1
/home/vineet/Gender-Classification/gender_classifier/data/proj/new_girls/108.jpg;1
/home/vineet/Gender-Classification/gender_classifier/data/proj/new_girls/99.jpg;1
/home/vineet/Gender-Classification/gender_classifier/data/proj/new_girls/57.jpg;1
/home/vineet/Gender-Classification/gender_classifier/data/proj/new_girls/34.jpg;1
/home/vineet/Gender-Classification/gender_classifier/data/proj/new_girls/16.jpg;1
/home/vineet/Gender-Classification/gender_classifier/data/proj/new_girls/157.jpg;1
/home/vineet/Gender-Classification/gender_classifier/data/proj/new_girls/169.jpg;1
/home/vineet/Gender-Classification/gender_classifier/data/proj/new_girls/44.jpg;1
/home/vineet/Gender-Classification/gender_classifier/data/proj/new_girls/12.jpg;1
/home/vineet/Gender-Classification/gender_classifier/data/proj/new_girls/127.jpg;1
/home/vineet/Gender-Classification/gender_classifier/data/proj/new_girls/7.jpg;1
/home/vineet/Gender-Classification/gender_classifier/data/proj/new_girls/28.jpg;1
/home/vineet/Gender-Classification/gender_classifier/data/proj/new_girls/46.jpg;1
/home/vineet/Gender-Classification/gender_classifier/data/proj/new_girls/140.jpg;1
/home/vineet/Gender-Classification/gender_classifier/data/proj/new_girls/39.jpg;1
/home/vineet/Gender-Classification/gender_classifier/data/proj/new_girls/82.jpg;1
/home/vineet/Gender-Classification/gender_classifier/data/proj/new_girls/3.jpg;1
/home/vineet/Gender-Classification/gender_classifier/data/proj/new_girls/118.jpg;1
/home/vineet/Gender-Classification/gender_classifier/data/proj/new_girls/110.jpg;1
/home/vineet/Gender-Classification/gender_classifier/data/proj/new_girls/154.jpg;1
/home/vineet/Gender-Classification/gender_classifier/data/proj/new_girls/155.jpg;1
/home/vineet/Gender-Classification/gender_classifier/data/proj/new_girls/144.jpg;1
/home/vineet/Gender-Classification/gender_classifier/data/proj/new_girls/75.jpg;1
/home/vineet/Gender-Classification/gender_classifier/data/proj/new_girls/20.jpg;1
/home/vineet/Gender-Classification/gender_classifier/data/proj/new_girls/100.jpg;1
/home/vineet/Gender-Classification/gender_classifier/data/proj/new_girls/170.jpg;1
/home/vineet/Gender-Classification/gender_classifier/data/proj/new_girls/92.jpg;1
/home/vineet/Gender-Classification/gender_classifier/data/proj/new_girls/41.jpg;1
/home/vineet/Gender-Classification/gender_classifier/data/proj/new_girls/109.jpg;1
/home/vineet/Gender-Classification/gender_classifier/data/proj/new_girls/150.jpg;1
/home/vineet/Gender-Classification/gender_classifier/data/proj/new_girls/9.jpg;1
/home/vineet/Gender-Classification/gender_classifier/data/proj/new_girls/146.jpg;1
